id,name,model_id:id,group_id:id,perm_read,perm_write,perm_create,perm_unlink
access_td_genset_user,td.genset user,model_td_genset,group_user,1,0,0,0
access_td_genset_tech,td.genset tech,model_td_genset,group_tech,1,1,1,1
access_td_genset_reading_user,td.genset.reading user,model_td_genset_reading,group_user,1,0,0,0
access_td_genset_reading_tech,td.genset.reading tech,model_td_genset_reading,group_tech,1,0,0,1
access_td_genset_event_user,td.genset.event user,model_td_genset_event,group_user,1,0,0,0
access_td_genset_event_tech,td.genset.event tech,model_td_genset_event,group_tech,1,1,0,1
access_td_genset_alarm_user,td.genset.alarm user,model_td_genset_alarm,group_user,1,0,0,0
access_td_genset_alarm_tech,td.genset.alarm tech,model_td_genset_alarm,group_tech,1,1,0,1
access_td_genset_command_user,td.genset.command user,model_td_genset_command,group_user,1,0,0,0
access_td_genset_schedule_user,td.genset.schedule user,model_td_genset_schedule,group_user,1,0,0,0
access_td_genset_schedule_admin,td.genset.schedule admin,model_td_genset_schedule,group_admin,1,1,1,1
access_td_genset_schedule_exception_user,td.genset.schedule.exception user,model_td_genset_schedule_exception,group_user,1,0,0,0
access_td_genset_schedule_exception_admin,td.genset.schedule.exception admin,model_td_genset_schedule_exception,group_admin,1,1,1,1
access_td_genset_config_user,td.genset.config user,model_td_genset_config,group_user,1,0,0,0
access_td_genset_config_tech,td.genset.config tech,model_td_genset_config,group_tech,1,1,0,0
access_td_genset_notify_level_user,td.genset.notify.level user,model_td_genset_notify_level,group_user,1,0,0,0
access_td_genset_notify_level_tech,td.genset.notify.level tech,model_td_genset_notify_level,group_tech,1,1,1,1
access_td_genset_controller_model_user,td.genset.controller.model user,model_td_genset_controller_model,group_user,1,0,0,0
access_td_genset_controller_model_tech,td.genset.controller.model tech,model_td_genset_controller_model,group_tech,1,1,1,1
access_td_genset_storage_location_user,td.genset.storage.location user,model_td_genset_storage_location,group_user,1,0,0,0
access_td_genset_storage_location_admin,td.genset.storage.location admin,model_td_genset_storage_location,group_admin,1,1,1,1
access_td_genset_canister_user,td.genset.canister user,model_td_genset_canister,group_user,1,0,0,0
access_td_genset_canister_admin,td.genset.canister admin,model_td_genset_canister,group_admin,1,1,1,1
access_td_genset_fuel_move_user,td.genset.fuel.move user,model_td_genset_fuel_move,group_user,1,0,0,0
access_td_genset_fuel_move_admin,td.genset.fuel.move admin,model_td_genset_fuel_move,group_admin,1,0,1,0
access_td_genset_fuel_move_tech,td.genset.fuel.move tech,model_td_genset_fuel_move,group_tech,1,0,1,1
access_td_genset_refuel_user,td.genset.refuel user,model_td_genset_refuel,group_user,1,0,0,0
access_td_genset_refuel_admin,td.genset.refuel admin,model_td_genset_refuel,group_admin,1,1,1,1
access_td_genset_fuel_calibration_user,td.genset.fuel.calibration user,model_td_genset_fuel_calibration,group_user,1,0,0,0
access_td_genset_fuel_calibration_tech,td.genset.fuel.calibration tech,model_td_genset_fuel_calibration,group_tech,1,1,1,1
access_td_genset_timer_wizard_user,td.genset.timer.wizard user,model_td_genset_timer_wizard,group_user,1,1,1,1
access_td_genset_command_wizard_tech,td.genset.command.wizard tech,model_td_genset_command_wizard,group_tech,1,1,1,1
access_td_genset_refuel_wizard_admin,td.genset.refuel.wizard admin,model_td_genset_refuel_wizard,group_admin,1,1,1,1
access_td_genset_fuel_receipt_wizard_admin,td.genset.fuel.receipt.wizard admin,model_td_genset_fuel_receipt_wizard,group_admin,1,1,1,1
